{"version":37,"hash":{"type":"Buffer","data":"EI+y46Kx8ZOePjCe1P+8p1H8ssobbW9EecfoL+Ql1FIPDOnPESq4ZiZSKdaQMZzVL8Zl2zmjQy4Hor6vCUKWma+42w4A7R67tp8G3MMXjHRgpIIHvHXaNvIiWp73vrUOQjsHcTKYT7XSXZ9E1Emp0YImOPFYwceCuDUHRJOF4HM="},"indexValueMap":{"AULlLcYu0KwE+9ogyYCmvwgki6N6Fs4AwIdG8DRGsEE=":{"valueMac":{"type":"Buffer","data":"P8WJSvTFPdQa2WXNB6cDKcCGGKKO1hiZahRfcLkW9Xw="}},"CkI3zGHzm/SUEAV88OY+vxy2nI1Q7mFcu1mqlP0Hj10=":{"valueMac":{"type":"Buffer","data":"UCWFR2UoqEF8iwU5RprxYPKxAGaSvBQuEnzmz4Nho88="}},"EB67QvXgyn6J0McN8Yb81irrR71IStUY+ZqNomF3qDM=":{"valueMac":{"type":"Buffer","data":"bhAwJ+vavXmBFmVKehTPp3A1IEiSq1Vi++7YRVA0cpE="}},"EkUEa2Dv11K0JxvFwOXnJooTD89O5cRCizxPykmVXDs=":{"valueMac":{"type":"Buffer","data":"mB0fGWxKegYR/Kh8rmkTCQq8Q2pVL9Io2x64nbUXWPc="}},"EmqP5v9F8CR8pu6Sj7BP+ZShOqKg5oHZSFX9fl3PaJc=":{"valueMac":{"type":"Buffer","data":"zXwayLO4EXSYx3eABu7TAzmZLNvtIocy4Lbxn1WgGag="}},"GI6DwO5MTkDpQNXT6P7qmjMiKBJcn60A3uyVHC5QDY0=":{"valueMac":{"type":"Buffer","data":"6TUHAQ8JudKOG24NZ+NZUpZ2DF1VqWltxSeFV5jLK3w="}},"HrkIAnrHkGkgiE0rFQScnTj0zetAWS7SOEY32gZFAaI=":{"valueMac":{"type":"Buffer","data":"+/XM5jNoMUuTqzlnaK8NW96sqXwL4yNncg+BgOv5guo="}},"IQGqnzITsLrDK6EQeLSwT6MUoMc77nkLuXbAj3oJwR8=":{"valueMac":{"type":"Buffer","data":"ORdEv04dZgxwF+DoTSwbGb0zuOIsu0TODkm2urs04uA="}},"IriB8TE8EKMgIDHWelrnO1WsdN/ZbCfFeklZPcTy1HU=":{"valueMac":{"type":"Buffer","data":"CJgL35uUNZ5+pj40SRU85kL1REFzv9Dgsh03IczIUp8="}},"JDiIjjxzkHK3EeIi1f123/VMV8j6GTx5gKYMkIUF3i4=":{"valueMac":{"type":"Buffer","data":"xEnFdwcFbmeegHxKCIMjvpJMfQolRu2kvx7p/9zAp64="}},"JKmQhWdgZD+OH/nvboyniz2jpBqsN5QPEa0Ux9kHDCQ=":{"valueMac":{"type":"Buffer","data":"DhedmW1Gv5a/PzmVNkF1EEIvms30g0WMDgJnC7c7ZAE="}},"KW1cfiBemijLdf2TYnbPL9VlHE1PlhWyZbqyCFfyu2o=":{"valueMac":{"type":"Buffer","data":"T5P37nvdS5jOMN6dYbr94d0NiBniB0mAuibKINOG5n4="}},"KqlfTaBM+x1D5UAsMogziQyhOTsvPayLZpMNu88qLAs=":{"valueMac":{"type":"Buffer","data":"39PNMcM/IwdROnuZ43lwv5Oz8wYQ31vv9WltxP/WBxs="}},"LiRUrqJT9OZGp25i8K2wKw/aAaQDd83+rBZzgKBLMoc=":{"valueMac":{"type":"Buffer","data":"SD/kFdr+gQ0lg+rjek31C5KOleiY3t96cVjM/vDYVXk="}},"L9VSOzp64hNI+/QMwRjZs8dKFfH6LaedCEf4+RhDmU0=":{"valueMac":{"type":"Buffer","data":"hE4kMXPfJzvAf0YhRNJoeOlu0FAfwTzqMvZ75QUJn3M="}},"MBudHqLpME4fdWY9vVAAZgfJVnoh5wKG34bEgqbI6rc=":{"valueMac":{"type":"Buffer","data":"hkXbx6nA798qCWfx9SJxdKS3tp9nRdjS6V37J7DOlSI="}},"Myh8bRd2X5MQfa4T64nPvSUFv2BkTLIfyCn6GGnAatM=":{"valueMac":{"type":"Buffer","data":"Sd0LfRl41jfMGjC93bKhjBhirrb3YvgK7auJQdJCbes="}},"PT/NBGlLZQUolbyU6xpQgreF+ROvz2F++42qt5ulNQs=":{"valueMac":{"type":"Buffer","data":"LyqQ4vh1CIq/50df1E+lniDgoUyPcZLvCAny2sP/uwE="}},"Rg6FIecYJUuQVAeL7+4eI1w/aNqNfVjtogvI+EOusvY=":{"valueMac":{"type":"Buffer","data":"TJkGMJob5l12hG+hjA166P1KKKJemzQt2wUIUAhA3NM="}},"ShnmYDgBI11R52xr87LXf9ZKP/Pj7xS3tb3tcleBFzw=":{"valueMac":{"type":"Buffer","data":"kVaHvGq1DWV0Az0oNY9Jn52W+OqlczwBHwRKgwq4T88="}},"TCVHyY8a/B7s8933z78Ax3TXaIaCoRnE5ObtUhQmVqQ=":{"valueMac":{"type":"Buffer","data":"HkgZERKaurtR3Xy7B77DM+k2Zk3B862IJ/I6oxSvLJ0="}},"TMz0fSYBOK/C9ySS8WHFZueAhwP1Y9gEZznCp6DE+b0=":{"valueMac":{"type":"Buffer","data":"d7lIEEGgb8Tx7u54u7O1zm557CnFFyKb4vGMGex0YSU="}},"TSwcSU7QbaUpmsGdR9YvybHlDBXGDtCyDPVRLO0iMuo=":{"valueMac":{"type":"Buffer","data":"3yD+m1YxPEPocEbVLD/PrAI8ijFhfPyOpLFwqdCsE90="}},"VkXyJKfezqDuKINl9IH4sXA/aIQtY2eU2F6YcZUHhEw=":{"valueMac":{"type":"Buffer","data":"fQwR8LEpdK+d/JgUb+PSuAS56r9eSutTZRhz6gk8cys="}},"V0+pntnrFUNJfsCJgB91ly07SDdXJCaNvIgyg6nSmtc=":{"valueMac":{"type":"Buffer","data":"9jCsNrU+sjqg6nkjq+iGsSdl6fNmPozydDcRXjTlRdw="}},"Wpx1nC6YgjhrKIFRUR6SzktrF7m6Fk3E3+joKFUTRdE=":{"valueMac":{"type":"Buffer","data":"V0tyBPRUUIDFWVtfRMQDnSjqQannKunMHgBxImkOagM="}},"W3M4mwg0BV5Rl2psOhJPuTCmT3Je4Dp9YwpPiwoOMes=":{"valueMac":{"type":"Buffer","data":"WPKN/a0PibTVkz8lJbbD2394M2cWY96UhEwPTk/M2BI="}},"Xm+qrLdU0sBqGB3Q2li0oYCZOKE/NJDe1NCzQE293Mc=":{"valueMac":{"type":"Buffer","data":"fX8oOIYX9XqfAeS1faTkoDOmVbrY5KjD0rxIbsIjVIs="}},"Yi7KPxMBFhr2FjAIIkzbongACQhdElRfAlqSzUcMLpA=":{"valueMac":{"type":"Buffer","data":"dgcp6NomXf9AoKTxE8L1emQUFLxuTq5PyqYKqaUjMF4="}},"ZOofO1FnYnUyTUhB6fjHokMddyeAy2FHJsHYQ8XUFRA=":{"valueMac":{"type":"Buffer","data":"zqK9+nCNdGApWTNL8vCxIktyABMU+o9LDiIgNaPIOlI="}},"aAQj7RL4nLJUUD1/d9ZxEgsn2Gh/gr+V2xJkHXsa7KE=":{"valueMac":{"type":"Buffer","data":"J+7xnOupozcsOFs9VP/R5YPjZPyEw71eLdrlGk0fEso="}},"atUH56rdxKBAYS/QbfIkEj0KitO6XnUM1+e0DuZzuGE=":{"valueMac":{"type":"Buffer","data":"Skpsm6XQgZRC3EQNrr8vuXy3srkvIgEV9WPStXYVncM="}},"chYvh5KfmKZAMc1PpuUG/n0htPhG2WwXbV0NSGx73kQ=":{"valueMac":{"type":"Buffer","data":"eUYuPVHocsFL2wpsjYeKsWyGsozvVsJibyyMeinP4mU="}},"d92DMd8nQmZAoIty5EFB8ZMloZJ6SLAnHlnZF5JDF/I=":{"valueMac":{"type":"Buffer","data":"Sb8byJwOALGADDSMDpymFX0biLTJBwv5m4oZ9XjkJPk="}},"d/Fuw1/HMb0XXIIh5hIf5BBOG1wPAsxO1ZubEStciUM=":{"valueMac":{"type":"Buffer","data":"d1d2AbqLHRaYC9FJ6avSfHlQelPiMwrTcPCRbnqbN6w="}},"h+AeF5TVycMXceRvo2t6Rp+odzbr6w4Ss09WDvljo08=":{"valueMac":{"type":"Buffer","data":"xYHZl9T6VG+87SHsT49htHFvQ6qsxVWkdmRp6WBT6Yw="}},"iETHiflhuznUAPFz5RnTJpmJ6SeQT8w5iq+RXvM/Mr8=":{"valueMac":{"type":"Buffer","data":"6kIBWtCNIrK+csHNPB8RwTqr+tfzMdKiiAloVSNjbsc="}},"jA/zwCnYq2RVvi8qpUrK/ya7YyHKgTS5Kd8XLUVTTsI=":{"valueMac":{"type":"Buffer","data":"Xz/iPYr22I+VzNjMq2rqcT3+NFly3ROX6UUX8tgWQIc="}},"lQf+MX0Jv46CrMUsGzZXvRB2gFRClZoqSCsxJQSAlXw=":{"valueMac":{"type":"Buffer","data":"IhMOFEzg6mr3QKblMGLlvcECk1I3q0nXyZkUBfM125g="}},"lXKEfXP6QnMIPO935QENpVsuh+cgjebdo4pGdPFmRAw=":{"valueMac":{"type":"Buffer","data":"zHYd+5MhmLWgwnep6Sxew2F9tAdwCqjJLzZ5KcC596M="}},"m8hdQX7r/MNHlIwvzZZFSx6b5ua0826Ri4jiEH1y7L0=":{"valueMac":{"type":"Buffer","data":"wg6abMafIKiDYNG1M5VHiDrS7ji056q+6Bu6M43fdKU="}},"nYySsYHtftxtUBc++VivOA5fdqLbLjud5XrgiGt/uHg=":{"valueMac":{"type":"Buffer","data":"6CTIrSsYH4LeSbaPTKo4VvCKDhydRpHHWMT2LyYQvoc="}},"nin4H4oi0QkFVjU8xLKieDmKOUfxzwM/XmZ4VIlCo5E=":{"valueMac":{"type":"Buffer","data":"XFmoXVrMT2SsgW7gIgi5rCBgxnLLsOwIyFY67n8O8FM="}},"nzu4dYuMtseeqftjwy07T0FJnaUOkQbTKnPm8m0BTLo=":{"valueMac":{"type":"Buffer","data":"p+52f0LHUtyfoiCIu6ja0SpeHthEoNjEZk1YTE4mSzc="}},"pnd+sPeo5hEAlw23IZ4A8IUjJmwXhTWdXSHEcekStW4=":{"valueMac":{"type":"Buffer","data":"o17O7BVmrEAAeTRNHQ5bqlxcNizTF/R+K0nmRYIDNkw="}},"qDohWZEjm4jYsPwRn4JzeV8JI5O+NE730We6tQEXpzs=":{"valueMac":{"type":"Buffer","data":"KKSw+/s8VBB/jyXo+0YpVCKCAwovN9N+LdNYPQgrOak="}},"qdHGXE5ZDsWJ5fzGsZeBG9eCjpIAfjvWhpc+D0lQRP0=":{"valueMac":{"type":"Buffer","data":"YFQ3JdfeBjy+z1CPRZawcEnInhVE5kFn5Us/RD214hs="}},"qdb5h2JF7STobykBca1yT1qN91lRSF6EKrOLKqUygGU=":{"valueMac":{"type":"Buffer","data":"xkb+050TJu4fJ2tIZnWvOATmyjlcnXbEdh7go2mMLec="}},"rI4XrQWSvXjKtABytWNjgMnl0z+x5naVYOHsTzhY27M=":{"valueMac":{"type":"Buffer","data":"6yn8xPcd0CoeiEo7fTc6GRIvdCs4cui2/AmH+t7fHHk="}},"rc7JraKNTCI55oOSN1FozrbOWTkppUPBqL81ItpoPzM=":{"valueMac":{"type":"Buffer","data":"NqZqvYSu/BxJUOC+ib7Gk843te0bODNf3BuQr/OLzRc="}},"rkvIlgOZzv5/vu0jbsFhqwOjhJHJDniIJJx7aX5kmiA=":{"valueMac":{"type":"Buffer","data":"bk8lx7BLwg+wCaC0WY2bHATNFAakYuc7zioNvrEVbNg="}},"sdg6LG865yTh4+COM/TULAr9ohc94GZh8sXhBySxJZ4=":{"valueMac":{"type":"Buffer","data":"GiAJYNiv9TfagHLZ176hRFQWJI4I56zRRyOf9NyzmBs="}},"tcKfTnDFPdZJnw2kMFKtKwYjyPdwAaB4Zj7JAD/Wte8=":{"valueMac":{"type":"Buffer","data":"HhWpRajAv1i9EeSl4a/P3daLvkBTrsuWS9akRnS2aiY="}},"uWN6VPpKOlqgjW/qxzr4tRYRc/IlYMlz7FohoHTW/gw=":{"valueMac":{"type":"Buffer","data":"X+LSVIbUXWyPFxEfH7ShvY7e41zGlpay8FXB1QXy1+8="}},"ux5N/mew77o+d76fVfpsQzJB5y6GreW3UqxbgTFb4gg=":{"valueMac":{"type":"Buffer","data":"txRWs9Qa4Q5N1K37aLVd9NjYX0KrsInqpZyTcXSaVVk="}},"vq2tlioeM1USwu4niPmbfoTRL4hiZBb//VKBAW/bXgY=":{"valueMac":{"type":"Buffer","data":"RZfk+GLVuc5DSgWnJcK84y4DyknqlFOoDMIXrvX4SQk="}},"wr1ByR0fGxtmpyzUrrBuR3fyqU4pH/ISk3qkSMTN/0Q=":{"valueMac":{"type":"Buffer","data":"NjpBrwz5h3fc1GiW3J3iAwoNl7rfqto1TAkVQaMkf8w="}},"xBHrs6hTutLL9wA2o5nTe3yalqaOfTtvdS0MVEUPFS8=":{"valueMac":{"type":"Buffer","data":"dSVBUFHn5gPEBx3+nf1vzmQeAuBz77uqBhQtYdtabf0="}},"yMIOZequETDzKFOXPKogYQ6N9Q1PAGDSKiVJS2kcrR4=":{"valueMac":{"type":"Buffer","data":"NwlZ17lx/KX1fnv8eoK5tgjLwms2NjKtSI0rYKo+KwE="}},"ykHQaQ1XEEJaExzR0nbviyH2zQ00Q4AxTGTGxvgCqOQ=":{"valueMac":{"type":"Buffer","data":"kfCJU8WIfjdejCgp/Xckg9o2d2AozTAhTZ7cI/z4kPw="}},"zuL2D6OEyRuFVAZSdYf5utMZQlfl18uWpC2s4AYIv7M=":{"valueMac":{"type":"Buffer","data":"wkvfCjpntQtWJH9Oqrbn9qAFiAfWnTwxXxXo/RyNAXw="}},"0kGKFqe62G2QdVdPL725zxI+9cY9maUTwvJSHEtU/jY=":{"valueMac":{"type":"Buffer","data":"ja6uAveoAaflP2UBAmcQZmdXYoHJCluQjlKgRh9aqr4="}},"0kQhbwx1FKLiFqujReT2SabrtArjOQhpOPich5V25N4=":{"valueMac":{"type":"Buffer","data":"p2cQ7SY2+6tF0kpwLH8l9ynvR36roM780DqTtkvw33E="}},"09m+r//7wQLsNdTh6WCHLPhq2/lx0iFkUHEIvQ0vNUI=":{"valueMac":{"type":"Buffer","data":"NP9v5yhYAEfA/6RBkafLzT55huPgT5JG1RbIk+Y8R1Y="}},"3J0POljpRXnswCLlj7ZhmQaAQHWMkBPG6cubPJyURSY=":{"valueMac":{"type":"Buffer","data":"Vuhk+nWOwFrN+jmgPHeZfcHLATXNoUiR8/Wd1FSjWR0="}},"3WE2wHLZmldIK19+6Rgu6qzs/dJaH93RQ5G75sK5h4I=":{"valueMac":{"type":"Buffer","data":"afo46AKxqQfN8El7ZE2VOxBJlvH6NHghZXM5KdlpbZA="}},"4XzjjxYvONxvX79JvgqoDi2sEUk5kqyXEzcDXuE8lzw=":{"valueMac":{"type":"Buffer","data":"IskMtbzW+ATrB8lwsmiZZeEmNn+HUjC33DrsM1fwjqY="}},"6WYDzIAD34NXNHw1PtxPKEX453Cn+E+ilGZV3v+wWkc=":{"valueMac":{"type":"Buffer","data":"fOaGrZj0jIO/cWkiEDSbtTqNGGeIz7AbP8xPfStMiyQ="}},"7dqecyUdvZvh0MRJvrrCOo0v3tUHS6AE3ru/N7T8YF4=":{"valueMac":{"type":"Buffer","data":"fVenMXyIJKCB7dtRwNf5M5rJqxFbo5YtGJJtB3TOpY4="}},"9nPkgW3Vo4CDqh8Zjg7uPrWOg1aLfzNBnrPh1dWL0CQ=":{"valueMac":{"type":"Buffer","data":"QrQgipM90mlYhzdTZpvJKEpSrDZLnfefZNShb3g1ze0="}},"+VFjSXDy72IimQvo5zmuMeJyJY0qfKtsNVXk42Wmf+0=":{"valueMac":{"type":"Buffer","data":"8zyrfmiy/Vdzjf26twqpaGItqZSy/eTy8fvJckvMVGw="}},"/Pe6tTa1BjOfP/NfQU7wIH7XFOEGdu9vSWY7F3gEGcM=":{"valueMac":{"type":"Buffer","data":"3yC1/S+2KWvkCPscY2vr8EL2C9Cyww/TZ9cyN5FKAto="}},"/zenxbeqKb/8NviJllyRc54p5fIDlH5jlN9ZdWD5vO8=":{"valueMac":{"type":"Buffer","data":"4u2S1o7BhAjZAgDWKgt4AUhZtGhN4rrgTMxScbwyGVQ="}},"vCye5+yMMRZRr7LA/ysoGZJmBPXUxT9XAWg7t1/ghjM=":{"valueMac":{"type":"Buffer","data":"7nccgM7L3a7XGNmkSJ0A0m79v/5v0D+bVMJrDHCtTqo="}},"waECukj+sPCUtDQvPUp3bHxvbAn4xXFhXGnFzfIbL3A=":{"valueMac":{"type":"Buffer","data":"RlikLUTzF3BHaJK2ovLSz/xivA+9kZ4J2H+IZJB/m/I="}},"+oujwmMxZLdSB0jIaZM1RgC11OQwKpS2+NrV6/qLk/M=":{"valueMac":{"type":"Buffer","data":"p8qitAA3mFXjDO0E7gaLsVznYkPl7HK3lVJzSJqpdbw="}},"WJ0lLi795as54XLld3dCJamHaTYT9DYb6s+sYQB8Xh4=":{"valueMac":{"type":"Buffer","data":"WKdvVpf9jpV/POIkFC3A30ES3LOMxMeFoGFeZDMeqTw="}}}}