{"version":24,"hash":{"type":"Buffer","data":"ZB4RmGBRPW8Wd/kV76dgn4RN45xTIYeyEZrutp1L/qZjBdNbSXxDMIX2I/pPyQ03i2RTDodFuzwlsjbDlWTNAcUA1KBkHNuiiwyN2ywCA1UPqWqldn9DXfFTUc0CSPYA2Gei84dopUPBqNz1cLHdeakqvBDndbtasGY05EIusbk="},"indexValueMap":{"LQlPrPe49oR1TdyacDiYpgHxNgcPbpalEVy5fkv1Gfs=":{"valueMac":{"type":"Buffer","data":"7K70y8DYlc1bRcEZ8pn3EI6yLru+aX0mFZR+7+wdAaE="}},"K4Z3hQgNndXb+NtdwmNzzrNL0nwXVxV2PbXLDkw2rQo=":{"valueMac":{"type":"Buffer","data":"Oq4YzGqEaBZSoVPZhckuGsCoQzUq3Ok+GQIewNlct4U="}},"FLMCqxRW6Lowwjob9wtubIpE0aMP4oqPw5M7FcvKkpQ=":{"valueMac":{"type":"Buffer","data":"ZqLRhRrzLFEKa0aX1uMWHdYYN97/QWRnFgvsDjpaRoQ="}}}}