{"version":33,"hash":{"type":"Buffer","data":"uHi2pM1HiaMzaVkGR5IRU4q3ScXpcV10hnkGg28UeWEMYIY8+JETyuZ+Sp+g+iQVzBlkNR8xVgO4Qc3MeNXQt1DQe5OafUVYK33iYlLW90HLxevPOhlEfYz3zPFGsbDgB/Qpt15RBlX9NzhcA+xnUpBdfrUQsZjg8e55IqP3E5Y="},"indexValueMap":{"I1iXA/XSXmP5OqmotAEx9G364LcrfWhXyE49PacfKr8=":{"valueMac":{"type":"Buffer","data":"qGOyPcA8z/rCHA1EyCYdZUdQ3vWvuMrSM4fbQfCCKQo="}},"L84qnLuJUe84LD8L5rAOUTl42NBLyvgVrqyuMAEMkNM=":{"valueMac":{"type":"Buffer","data":"PuQYlJNnG7zWxA7hx8PcRSjr5gCQyM/7Mvuo4xp8/Z8="}},"M8pJ/GQZdShFELtazGdnLPEywR+SdUFjyQ9xjkkTem4=":{"valueMac":{"type":"Buffer","data":"16JsmjazjKeoeSRcrEsQYOG4vr+Trx1Bdyo3aGmmf3w="}},"RTuxG4PxhNVZGEwFG7d4qMKpSYnsNkw9oGI8xLEyqWo=":{"valueMac":{"type":"Buffer","data":"mwD6yZd7KTC/lE1OZwh6TGc4HZyUc0WwEPZspn7n5O8="}},"S1GxWMlf0TyPr5hK4IdFQXLjR2iPlnqlJALia2H9iSc=":{"valueMac":{"type":"Buffer","data":"vDOQXK6Eqm9AYrFeFmTNOVB+RYJMefom1l9UHicoQ1A="}},"S/MUJ+vHPEV83ZcmsHCBs3W2neJC9eYjjwCOXFWKNAE=":{"valueMac":{"type":"Buffer","data":"YJKHhmKgOOyOcn+cqL6bvQ9E0pZGdr9IJu0VAwNXmQo="}},"XI1UBHhCJmLWqBs3+nEoBVfSY/b/rXxRZ8BFGVmchD8=":{"valueMac":{"type":"Buffer","data":"5IObdKRzinbhN6Pvs7fKStTgmVecFZJDBehUTQjuVwM="}},"YK8Q1wJPmrvIq6qmAI+TH73AQLtjS1+agN9lnpitsvs=":{"valueMac":{"type":"Buffer","data":"QzT781WZLMLcvsEPvWZYj65I5kHtBTTL061cvb0/q1g="}},"cuuR1TdQAJMzM9V8mAbhJ00yXH52EE6SU2amzdgBab0=":{"valueMac":{"type":"Buffer","data":"X14gYpQQcnwb38apBTazoD0OxcE6XxmdYpo2GF+TJ0c="}},"cxlUrgSCEx/KC6FvwZ/f+xGShH25jnURC/2191qQF4Q=":{"valueMac":{"type":"Buffer","data":"TogaM4uegDsOqBi7ObHYrU8Py7OXvQPUO8W8WGwS0Lw="}},"eH1Mz+oQp30Z20TsZu6un4NxWlnN9SYuBdFANo3M63Y=":{"valueMac":{"type":"Buffer","data":"yqmeCICG1OoikXKItgB3tTnMc4IQ+UdVKsbpys8IlRE="}},"fXCyqnPo/gSw7uwnraQ1UZRt7RCWu28TpobRSdjjcEc=":{"valueMac":{"type":"Buffer","data":"JEgLuAxpSIvPfmamHQxzeYzMHGxB8qRB/J/zBB/1TAc="}},"f9IfiTtBbuaTJAKiUb/C1JTZv0B0P7obYHVL0vFQ5iw=":{"valueMac":{"type":"Buffer","data":"HD8p+NcSGibuYHLeNkXUIC4sVVmKioh0lqJIDzzsOt0="}},"gCMC1AZ4E2oJwLkYuDR/dTI4A1dzmk4xoMCBkto2Zyo=":{"valueMac":{"type":"Buffer","data":"RJ7tdcwTvvRpIQPe8i2GMHmz4yzf5EiJtMPAiyGZn7c="}},"ifE2ifD/zBkSetzBVkag3giSNqM140I42bhQSR2lLso=":{"valueMac":{"type":"Buffer","data":"KZgxiuLRthYTYiI4P5Dx8SzLfdK/qWBbg+nklzlV0uQ="}},"k9IhuZAPfP00CO/YTyCuKuxKCckZOkbflh2M/17I6Kk=":{"valueMac":{"type":"Buffer","data":"FKEzDN4B3tH84vkYMRjxeQVM/8OwzP+yJTyV9brCxog="}},"lQNTepDuXrTckwEM4oPq++LdqnyyF8R0MqmbrE7b4wI=":{"valueMac":{"type":"Buffer","data":"MYLTTkpmwUx1eM/GSptWm1O6knSaTXzLUrzZw0kdjmM="}},"nCxwfyYedC8iMYG/bAI7meHwiB0+tgEdqLOIz5gfe6k=":{"valueMac":{"type":"Buffer","data":"ta4VvRUmjuTH1RzLCTnyjvBT9pIMRQ95e+wzTUD5Fzk="}},"nD3JGuZPfpquuSmnSyUWmMjHEFM66OMGhrTfGHh/BKs=":{"valueMac":{"type":"Buffer","data":"I10RGCbYxbm287Wumm/PJMvFvQqbjRMSqaFupLtSwpE="}},"nN9VJvpSBPqY1GnD+jvGhq2OqWs7vIL71XkXoGA+/MY=":{"valueMac":{"type":"Buffer","data":"lOJSQswJXeRTZyliWVqyRi5bQaZJ96OUZAafzUf4XJY="}},"wiwxlCeQLytd7hgV2mFkkpwMtkc8tKTd77w8dJ58EFc=":{"valueMac":{"type":"Buffer","data":"sz3SLTrMpUCWZZT58swF8VkAUG5iuP0bVf/kKJiThsw="}},"yCKoEGiDw++Xh5IMWf8Kns461IWWo1r98JXwSbV+ILs=":{"valueMac":{"type":"Buffer","data":"h6o8hu+uSEsDashoZTa7GM2RPYkIXP+fyOlDR5FwzZo="}},"yQJ3bBHlLTW/akFDbagkOoNdCMrir8Fr+z2mDaSLljE=":{"valueMac":{"type":"Buffer","data":"mlFeXSyOqJwDgnZFyiLmdmpuheHUVsByIXprY0e+uw4="}},"0/dC7ERUS3pLkCE4Dp/s8pAOMiWCX8xD75jr0Ix2bwU=":{"valueMac":{"type":"Buffer","data":"jtpY78g/jxJERS3vXISFvj60FF9BbccONum+7sNjzqE="}},"4BPJ0XpfbKIdQFk9Bl2SRwy/wBGWxxaILub+793yw9I=":{"valueMac":{"type":"Buffer","data":"y4gv2ObVVbqxuI4pOfewuQOjiy/5RkAqDhQWjQFfADY="}},"XieODx8ai6r6aYKXx3HUvtxWOaOIlx17WsoHyM0LCrA=":{"valueMac":{"type":"Buffer","data":"khQKwFlDaVnuQI6wDWvd6ApDMLuteXpj015I06Zu9gE="}},"fN5CIDeju99py5pTFvvsAng40hsETRy/W6OZURFKHG0=":{"valueMac":{"type":"Buffer","data":"VQ3NEglHtrxDO2KweXTqAhWMM09KU7FglvvjO3SRAh4="}},"NX8RctO3PsU6TiEJvLXeyXqxQHtlm9Cxqq5N56MbA10=":{"valueMac":{"type":"Buffer","data":"VHKSQGlgaHqYHWbz6V05bjvu1SN9ZiiK7n+2XdeYNWA="}},"hTd49+PBQdik41GAl2Gk+NDVsozhw8wly14YfnH2QfQ=":{"valueMac":{"type":"Buffer","data":"lEkJL7MRAPDsdF5vocxzlr8hN0NBAm5hinkw3p1qQ00="}}}}