{"version":22,"hash":{"type":"Buffer","data":"rUSU76kRR2cgHlIOoZ/TvYNLgCBUI+ZN5S1Lvv3Zx40USbApGSZex0clPqeNmejBIFy5w50+I6LMArfgcMymPe6WNQlLXpQdNHa9N3d4M7BGx7Yl0E2bB8dqgLCHQ6m1J+KBC8txf4zhgRiLRVc0miv04zNSHMA3csLLeAOFQ14="},"indexValueMap":{"pa17T9lNJK7Bo696rBUPgTncv9FMlBVui1TaaTWiRY4=":{"valueMac":{"type":"Buffer","data":"+hMITb2cub/M+NHGn4sIp9BCeTe94sY00ehKhNsmwhs="}},"eKt68Stv4I14Zzg9x/9snOxenypgsmmfbbafXxhJWNk=":{"valueMac":{"type":"Buffer","data":"a+kmufjlug6ZUSzdtlmw9BEaHVGTkxi7tmBJCkeFvoQ="}}}}