{"noiseKey":{"private":{"type":"Buffer","data":"oLGu2SXYo1ELQM3m+t95vOwjoU+yQ9eRQ2+IG4Ia9kk="},"public":{"type":"Buffer","data":"RpyHSiph+34XpBErPJnO8GmQMKLfJ4sLfXYjGu2t8Rg="}},"pairingEphemeralKeyPair":{"private":{"type":"Buffer","data":"QCLOxxxtorT7oJm0iMzNB7AXBN522OhuNlQl5yfEv2g="},"public":{"type":"Buffer","data":"jsdpS8iva2zg6Vs26XvkKz/G/iUjp31qA/0WL/pK/yI="}},"signedIdentityKey":{"private":{"type":"Buffer","data":"cDMDLddsTaX7Nk/MM9oqySTDul/yW306IK45lJEnwnk="},"public":{"type":"Buffer","data":"VsGCvZc3DBzCDJalV5v1QngDXEldb41LexsPbYNPggA="}},"signedPreKey":{"keyPair":{"private":{"type":"Buffer","data":"yJlFQYecRQVw/2fYpWd+0OM5JK/Z/c3+kaGKBSwjB2E="},"public":{"type":"Buffer","data":"Kf/Bcigit8L7mVs7dKswohccPcg9+am0CZyX0I1z4GQ="}},"signature":{"type":"Buffer","data":"eoER/YUrxw93XoY/1eBIpGm9c4pUh9Syg1t1hWH2iartwu4j9afiKzynQUEsVuqdOIJ44a2mZ229J8SkLd0TCg=="},"keyId":1},"registrationId":167,"advSecretKey":"Eq6suB+wYIJSK+Tmw9wzLZ3WY7GUEwNBBAAveXwP9QM=","processedHistoryMessages":[{"key":{"remoteJid":"31617349598@s.whatsapp.net","fromMe":true,"id":"495C388D1531DD1B5F12B7106B712240"},"messageTimestamp":1695994691},{"key":{"remoteJid":"31617349598@s.whatsapp.net","fromMe":true,"id":"E6C2C811427892F32A5DFE28BA9BF10A"},"messageTimestamp":1695994691}],"nextPreKeyId":31,"firstUnuploadedPreKeyId":31,"accountSyncCounter":1,"accountSettings":{"unarchiveChats":false},"deviceId":"kbQMxeZiSQ2OBiktQZBlHw","phoneId":"1855e100-55dc-453a-b958-2dfd63d7fa04","identityId":{"type":"Buffer","data":"uZSxQg3/iLNOlG+SR7+ODaZsumA="},"registered":false,"backupToken":{"type":"Buffer","data":"gNk77oJ2SmAQ0o2RieP5PBO2Zzw="},"registration":{},"account":{"details":"CKeIyvMHEL2m26gGGBo=","accountSignatureKey":"/kWQu3qheK/9/z4IxbbR9Ct3ZCHW8HZyro3xtYbbT1Y=","accountSignature":"bW8jEckos00pBTTyNNnp611Nti4QB6ciIRbTWOt8rEWGjPg5dyK1V6G18UPEEnPWKl64YoarfSPGAu+2i93UBg==","deviceSignature":"PkKBL0lhIAroNENpJkgaAS613Q7AxbPo1G/ds1AdkkiVF+xtm0bJimhwYHYl+RYTwUtGdxW+pmuuz1ND/s3rAQ=="},"me":{"id":"31617349598:41@s.whatsapp.net","name":"➵⃞🇳🇱ᴅ⃪ᴀ⃗ɴ⃮ᴢ⃪ᴏ♬➣"},"signalIdentities":[{"identifier":{"name":"31617349598:41@s.whatsapp.net","deviceId":0},"identifierKey":{"type":"Buffer","data":"Bf5FkLt6oXiv/f8+CMW20fQrd2Qh1vB2cq6N8bWG209W"}}],"platform":"android","lastAccountSyncTimestamp":1695994689,"myAppStateKeyId":"AAAAAJTM"}