{"_sessions":{"BSpKmPwy24E1rDAe/vj+R4J4JfEP2wQLzyakr6CV3hU8":{"registrationId":29,"currentRatchet":{"ephemeralKeyPair":{"pubKey":"BZrfaetpd8kYbFjLpOx+nE9BWyNTQ9WB6acZTUuYjFIa","privKey":"gEMNDAzm8LJEEB6h7+TfZVnfn/Yj4mPKByeEipgQLVM="},"lastRemoteEphemeralKey":"BTgYcibpVacBWfTPbdW5rQmrQKhPsQSrXg9DwSQuClsR","previousCounter":0,"rootKey":"rE3xQDMRvWGLBChcy9NQj56PPASave6sd1XuOUUvIFg="},"indexInfo":{"baseKey":"BSpKmPwy24E1rDAe/vj+R4J4JfEP2wQLzyakr6CV3hU8","baseKeyType":1,"closed":-1,"used":1695994701295,"created":1695994701295,"remoteIdentityKey":"BQAyD+tfcrSHPuabKoJ1Pb5Hk6+mhaRfSE6dr2lrpyJN"},"_chains":{"BZrfaetpd8kYbFjLpOx+nE9BWyNTQ9WB6acZTUuYjFIa":{"chainKey":{"counter":1,"key":"JfwzIYUWcLP5kHIqJ77UUWnYldto1+feUz2gia4KKlo="},"chainType":1,"messageKeys":{}}},"pendingPreKey":{"signedKeyId":1,"baseKey":"BSpKmPwy24E1rDAe/vj+R4J4JfEP2wQLzyakr6CV3hU8"}}},"version":"v1"}