{"_sessions":{"BUiNy0/gUG9K8yJItY+UU0nBih4CR3c44ikPocuI995w":{"registrationId":81,"currentRatchet":{"ephemeralKeyPair":{"pubKey":"BbRW2C6u9oKy4cz80wXWsJe/lCO0uTvOKCwj2XRxVGpd","privKey":"YGqQ8Hu6dKWI7DE+HmtZOcRfFMBKTzx0sHZYCnjeE0M="},"lastRemoteEphemeralKey":"Bbc0HM2LRu23uvWt7yANf6GYd38AXQL6Z5yNsGUxn5sh","previousCounter":0,"rootKey":"+TbBF7Nk6APnMDt4nEjOSH6jcoTZ5Xlb/RCjIJUnbcs="},"indexInfo":{"baseKey":"BUiNy0/gUG9K8yJItY+UU0nBih4CR3c44ikPocuI995w","baseKeyType":1,"closed":-1,"used":1695994701342,"created":1695994701342,"remoteIdentityKey":"BTxf1abyFqD1E1rLNSU/roWEzOoexINU7i/qj0WCUF4E"},"_chains":{"BbRW2C6u9oKy4cz80wXWsJe/lCO0uTvOKCwj2XRxVGpd":{"chainKey":{"counter":1,"key":"u1T6uYvU5T4+dvSrw3wypphwwvIHJaIlYxmA0zlHK18="},"chainType":1,"messageKeys":{}}},"pendingPreKey":{"signedKeyId":1,"baseKey":"BUiNy0/gUG9K8yJItY+UU0nBih4CR3c44ikPocuI995w"}}},"version":"v1"}