{"_sessions":{"BWmFvuFp+il9/k6PPyQeTSHha+yMdsYWcvVsm4++CZtQ":{"registrationId":13617,"currentRatchet":{"ephemeralKeyPair":{"pubKey":"BZGjWK2NrFS7StYhiEh8ciek7apgjX6O2OhUTbvzcwsq","privKey":"yPcxX0bdmEvOwyV3s640Fwppg92qpBPD49yxSa1Qy1A="},"lastRemoteEphemeralKey":"BYQigpYmBsdsuvlbQaly6zw/2GcgB/Zc3RhFpPLG8eRg","previousCounter":0,"rootKey":"GQInCMf0OXYGoBRorLx/yNMr9qUQEBzH7k4y3G7zJOU="},"indexInfo":{"baseKey":"BWmFvuFp+il9/k6PPyQeTSHha+yMdsYWcvVsm4++CZtQ","baseKeyType":1,"closed":-1,"used":1695994701233,"created":1695994701233,"remoteIdentityKey":"BR8SaFmHH7fAM/voKkG+OM5SZ1ekDP18knJsEkah8osR"},"_chains":{"BZGjWK2NrFS7StYhiEh8ciek7apgjX6O2OhUTbvzcwsq":{"chainKey":{"counter":1,"key":"hxRAjEG2kZeXnCCy7gZ0kHJABGbO9d68GdNRX5xzKgY="},"chainType":1,"messageKeys":{}}},"pendingPreKey":{"signedKeyId":1,"baseKey":"BWmFvuFp+il9/k6PPyQeTSHha+yMdsYWcvVsm4++CZtQ","preKeyId":911}}},"version":"v1"}