{"_sessions":{"BYwNZQFBYCtylkbSb4HAP/a3g3sLGqQoVspU3cuEtyti":{"registrationId":259210993,"currentRatchet":{"ephemeralKeyPair":{"pubKey":"BdMEuU6Cr5wB9rjxg6OgmzBJIbcspGs9sQBIpSUfpiY0","privKey":"UNhA0xVPigTjSCt+ATiZWYFGlnEDxxFmkPHhkojNemU="},"lastRemoteEphemeralKey":"BY5X75vxbEHR6lEvfuBxI6EU9ud2Lw1boRIIdsyXnV4n","previousCounter":0,"rootKey":"zpQByxosi+IiRsVuJYypYD+zKI6iL5NY9hmape8qUVM="},"indexInfo":{"baseKey":"BYwNZQFBYCtylkbSb4HAP/a3g3sLGqQoVspU3cuEtyti","baseKeyType":2,"closed":-1,"used":1695994690332,"created":1695994690332,"remoteIdentityKey":"Bf5FkLt6oXiv/f8+CMW20fQrd2Qh1vB2cq6N8bWG209W"},"_chains":{"BY5X75vxbEHR6lEvfuBxI6EU9ud2Lw1boRIIdsyXnV4n":{"chainKey":{"counter":5,"key":"NfxPSXXOPmRAoDYWRe9TsSkGo2Rh5izvcWnMiVJZCkU="},"chainType":2,"messageKeys":{}},"BdMEuU6Cr5wB9rjxg6OgmzBJIbcspGs9sQBIpSUfpiY0":{"chainKey":{"counter":3,"key":"ADe5Fg+NOhRpoeP0xw3RvurGoyJtIC6NY0QNqlH8To0="},"chainType":1,"messageKeys":{}}}}},"version":"v1"}